{
	"textures": [
		{
			"image": "spritesheet_Cayetana.png",
			"format": "RGBA8888",
			"size": {
				"w": 420,
				"h": 70
			},
			"scale": 1,
			"frames": [
				{
					"filename": "sprite_Cayetana_camina_derecha0.png",
					"rotated": false,
					"trimmed": false,
					"sourceSize": {
						"w": 60,
						"h": 70
					},
					"spriteSourceSize": {
						"x": 0,
						"y": 0,
						"w": 60,
						"h": 70
					},
					"frame": {
						"x": 0,
						"y": 0,
						"w": 60,
						"h": 70
					}
				},
				{
					"filename": "sprite_Cayetana_camina_derecha1.png",
					"rotated": false,
					"trimmed": false,
					"sourceSize": {
						"w": 60,
						"h": 70
					},
					"spriteSourceSize": {
						"x": 0,
						"y": 0,
						"w": 60,
						"h": 70
					},
					"frame": {
						"x": 60,
						"y": 0,
						"w": 60,
						"h": 70
					}
				},
				{
					"filename": "sprite_Cayetana_camina_derecha2.png",
					"rotated": false,
					"trimmed": false,
					"sourceSize": {
						"w": 60,
						"h": 70
					},
					"spriteSourceSize": {
						"x": 0,
						"y": 0,
						"w": 60,
						"h": 70
					},
					"frame": {
						"x": 120,
						"y": 0,
						"w": 60,
						"h": 70
					}
				},
				{
					"filename": "sprite_Cayetana_camina_izquierda0.png",
					"rotated": false,
					"trimmed": false,
					"sourceSize": {
						"w": 60,
						"h": 70
					},
					"spriteSourceSize": {
						"x": 0,
						"y": 0,
						"w": 60,
						"h": 70
					},
					"frame": {
						"x": 180,
						"y": 0,
						"w": 60,
						"h": 70
					}
				},
				{
					"filename": "sprite_Cayetana_camina_izquierda1.png",
					"rotated": false,
					"trimmed": false,
					"sourceSize": {
						"w": 60,
						"h": 70
					},
					"spriteSourceSize": {
						"x": 0,
						"y": 0,
						"w": 60,
						"h": 70
					},
					"frame": {
						"x": 240,
						"y": 0,
						"w": 60,
						"h": 70
					}
				},
				{
					"filename": "sprite_Cayetana_camina_izquierda2.png",
					"rotated": false,
					"trimmed": false,
					"sourceSize": {
						"w": 60,
						"h": 70
					},
					"spriteSourceSize": {
						"x": 0,
						"y": 0,
						"w": 60,
						"h": 70
					},
					"frame": {
						"x": 300,
						"y": 0,
						"w": 60,
						"h": 70
					}
				},
				{
					"filename": "sprite_Cayetana_frente.png",
					"rotated": false,
					"trimmed": false,
					"sourceSize": {
						"w": 60,
						"h": 70
					},
					"spriteSourceSize": {
						"x": 0,
						"y": 0,
						"w": 60,
						"h": 70
					},
					"frame": {
						"x": 360,
						"y": 0,
						"w": 60,
						"h": 70
					}
				}
			]
		}
	],
	"meta": {
		"app": "https://www.codeandweb.com/texturepacker",
		"version": "3.0",
		"smartupdate": "$TexturePacker:SmartUpdate:cde2eaf9156d489fe7d11950030e4c76:26311b6cde048ee0399eb3aed561ee69:b7ac52e9d362a729e9a66cbfb99d1420$"
	}
}
